user_id,item_id,score,user_id_token,item_id_token
1,762070,0.5869162156484848,19563,2869860
1,1649484,0.5469116580912836,19563,2344545
1,684229,0.5462251817902504,19563,1488837
1,131752,0.46394809417811855,19563,662447
1,2974001,0.44697409607718236,19563,3100568
1,1260516,0.431209789792115,19563,336911
1,2698129,0.42102369793208094,19563,2869261
1,2429603,0.40944858369686,19563,512737
1,3024472,0.39877046035472746,19563,2767007
1,816918,0.39649506933229095,19563,1551146
2,762070,0.5242139666579491,308382,2869860
2,2698129,0.5188683522537515,308382,2869261
2,1649484,0.47384722840581023,308382,2344545
2,1260516,0.44259558824639966,308382,336911
2,684229,0.42902242598142004,308382,1488837
2,1674159,0.42737200777198026,308382,2124685
2,1354963,0.4263048648618936,308382,427916
2,2974001,0.42358997799704323,308382,3100568
2,2617277,0.3975806980976445,308382,2706130
2,2671555,0.3944943638641911,308382,3055236
3,684229,0.5883743172606406,497037,1488837
3,762070,0.5711335829697377,497037,2869860
3,1649484,0.5319440783241758,497037,2344545
3,2698129,0.5218031776741312,497037,2869261
3,2974001,0.4537511441881443,497037,3100568
3,1232806,0.4409442129323746,497037,6966
3,1260516,0.4396875431929176,497037,336911
3,449588,0.4112616779822695,497037,1831163
3,368516,0.4015528247249855,497037,1382482
3,1187354,0.3999284596559267,497037,2249066
4,1649484,0.5371997223475942,378814,2344545
4,684229,0.5174777260145125,378814,1488837
4,1260516,0.5064628711138314,378814,336911
4,762070,0.5013162045977837,378814,2869860
4,131752,0.4779295661338947,378814,662447
4,2974001,0.40422450639555696,378814,3100568
4,1272455,0.4013406335682739,378814,921780
4,269370,0.3972437506998608,378814,2062231
4,982831,0.3931674290009872,378814,2226442
4,577586,0.3924983687867779,378814,2959243
5,1649484,0.635567897675372,14274,2344545
5,762070,0.6039982973836189,14274,2869860
5,684229,0.555907911630529,14274,1488837
5,131752,0.5373711080142639,14274,662447
5,2698129,0.456192055870609,14274,2869261
5,1258582,0.4553770600264596,14274,336845
5,1232806,0.4450850653240944,14274,6966
5,1280574,0.42394884239860575,14274,2536423
5,1740098,0.4235982512777975,14274,1074545
5,808411,0.4132494952633631,14274,2904898
6,762070,0.5795101377419954,610857,2869860
6,1649484,0.5311836363056668,610857,2344545
6,2698129,0.5286130858257577,610857,2869261
6,131752,0.4975904763528488,610857,662447
6,1232806,0.481134070713308,610857,6966
6,684229,0.4623756563385901,610857,1488837
6,587542,0.42497572737117845,610857,3064893
6,982831,0.41782512846673886,610857,2226442
6,1159593,0.4051521150293479,610857,2487594
6,2700563,0.39901493293753026,610857,3069961
7,684229,0.5672643309554037,423092,1488837
7,2698129,0.5167467338636682,423092,2869261
7,762070,0.49116800718529285,423092,2869860
7,131752,0.49021045573441013,423092,662447
7,1649484,0.47650026094708525,423092,2344545
7,849646,0.4106572946065734,423092,2373953
7,843821,0.3957688163723364,423092,1880561
7,2974001,0.3936264667684818,423092,3100568
7,2791552,0.39304593496544415,423092,2983406
7,2788628,0.39189046316368636,423092,2978459
8,762070,0.551806461741758,30184,2869860
8,2698129,0.5167818141773508,30184,2869261
8,1354963,0.46731058356993194,30184,427916
8,1649484,0.4522693158367642,30184,2344545
8,1232806,0.44464377786615145,30184,6966
8,684229,0.4311251467188773,30184,1488837
8,2602317,0.40325277675224774,30184,1013590
8,101492,0.3938404355668138,30184,3000043
8,2289229,0.393500432683885,30184,172128
8,35132,0.39212499682076796,30184,3315015
9,684229,0.5725070720633445,20242,1488837
9,762070,0.5666894435189491,20242,2869860
9,1649484,0.5162660570124158,20242,2344545
9,2974001,0.4106825266058231,20242,3100568
9,2698129,0.4053679836586282,20242,2869261
9,1232806,0.4026664587447907,20242,6966
9,608926,0.39979333045870763,20242,1530909
9,2745936,0.39636767719525756,20242,2922593
9,1260516,0.39538662342172315,20242,336911
9,788259,0.39457995378433985,20242,3058735
10,684229,0.5387425726374564,275243,1488837
10,762070,0.521495005419088,275243,2869860
10,1649484,0.5199217618683347,275243,2344545
10,329308,0.474799676058293,275243,148030
10,1232806,0.45066932316520464,275243,6966
10,2698129,0.44975771882088633,275243,2869261
10,1354963,0.4420892119192361,275243,427916
10,2289229,0.40619206459707013,275243,172128
10,513663,0.39598973906317425,275243,2298861
10,832346,0.3950528427070483,275243,2212643
11,762070,0.6193684309027916,327089,2869860
11,1649484,0.5845050783136854,327089,2344545
11,131752,0.5285891205855987,327089,662447
11,1487425,0.4671718556794731,327089,602707
11,982831,0.4617694574901,327089,2226442
11,1009696,0.4395042476881036,327089,2845272
11,2698129,0.43218711145670863,327089,2869261
11,2974001,0.42075376250097996,327089,3100568
11,533086,0.4186688522959865,327089,2626436
11,684229,0.4052338248213706,327089,1488837
12,684229,0.5946919983347831,713728,1488837
12,762070,0.5319972872040992,713728,2869860
12,1649484,0.5265127421597012,713728,2344545
12,131752,0.5011610866376541,713728,662447
12,1487425,0.49454983066650315,713728,602707
12,2698129,0.4363640321090982,713728,2869261
12,449588,0.4251289012450563,713728,1831163
12,2289229,0.4245355549592375,713728,172128
12,1260516,0.40907844809632954,713728,336911
12,1232806,0.40428935017087714,713728,6966
13,762070,0.6805979102156883,103288,2869860
13,1649484,0.555891955388523,103288,2344545
13,2698129,0.50486602016242,103288,2869261
13,684229,0.49157252443041183,103288,1488837
13,1232806,0.4815568524191643,103288,6966
13,2974001,0.4501137409384037,103288,3100568
13,2289229,0.41297938854879135,103288,172128
13,1272455,0.4106205403179992,103288,921780
13,66207,0.407903167079961,103288,3292518
13,2589931,0.40317180457683455,103288,1012709
14,762070,0.5614606051944023,136680,2869860
14,1649484,0.5498157645815978,136680,2344545
14,131752,0.5253882379123352,136680,662447
14,684229,0.5020356489440378,136680,1488837
14,2698129,0.480068172295408,136680,2869261
14,1354963,0.4442612767004251,136680,427916
14,2289229,0.4405686321992277,136680,172128
14,1487425,0.43685380410285873,136680,602707
14,1260516,0.4149848660622185,136680,336911
14,2075302,0.413484596570434,136680,2399821
15,1649484,0.4993575156906613,905736,2344545
15,762070,0.48880762152893603,905736,2869860
15,2698129,0.45162944473774885,905736,2869261
15,684229,0.4466164535006461,905736,1488837
15,1487425,0.42985977124305647,905736,602707
15,131752,0.4231672973224304,905736,662447
15,701445,0.40123859822576824,905736,962937
15,2780703,0.3989127009413963,905736,2964721
15,2057928,0.3940509659528386,905736,1963480
15,1232806,0.3922157126257683,905736,6966
16,762070,0.6411161094210869,1188097,2869860
16,1649484,0.5637144872227677,1188097,2344545
16,131752,0.5311602027007721,1188097,662447
16,684229,0.46816588697041844,1188097,1488837
16,2698129,0.44497200526745767,1188097,2869261
16,1232806,0.4336023228953148,1188097,6966
16,982831,0.42007085266794125,1188097,2226442
16,1260558,0.39887252060514145,1188097,336912
16,130263,0.3960233041635433,1188097,2619972
16,846763,0.3919901221297508,1188097,2969836
17,762070,0.6295986353657967,331777,2869860
17,1649484,0.5993871421793469,331777,2344545
17,2698129,0.49596704371722194,331777,2869261
17,684229,0.49285852593387935,331777,1488837
17,131752,0.48194397695747837,331777,662447
17,1354963,0.4703621744894266,331777,427916
17,1232806,0.4587577986309792,331777,6966
17,2974001,0.4288482580358768,331777,3100568
17,1272455,0.42331012183140404,331777,921780
17,2666367,0.3998700086648988,331777,3050316
18,762070,0.5817172606248235,90355,2869860
18,684229,0.5726667529066978,90355,1488837
18,1649484,0.5712487490156659,90355,2344545
18,131752,0.4844579831549308,90355,662447
18,2698129,0.47086341396422837,90355,2869261
18,1260516,0.4140455207024162,90355,336911
18,2728268,0.4082305950017343,90355,2900417
18,3040451,0.4021437406022276,90355,3130405
18,3046926,0.40086104552001645,90355,3136079
18,1232806,0.400746888179567,90355,6966
19,762070,0.5732697203062302,198775,2869860
19,131752,0.5532793969699524,198775,662447
19,684229,0.5479130661209999,198775,1488837
19,2698129,0.5430280698135659,198775,2869261
19,1649484,0.5127352298477658,198775,2344545
19,1232806,0.4362351479718949,198775,6966
19,2289229,0.4151867213982939,198775,172128
19,2327561,0.4138861359968534,198775,2209058
19,810776,0.4038893070561422,198775,1949151
19,2682432,0.39933088211429335,198775,3060637
20,762070,0.564739312162233,317743,2869860
20,1649484,0.5502734053188929,317743,2344545
20,2698129,0.475985644538717,317743,2869261
20,1232806,0.472570438940313,317743,6966
20,17205,0.4607866526376171,317743,2869762
20,684229,0.45907698330487584,317743,1488837
20,1272455,0.44912950688313136,317743,921780
20,131752,0.4240618021079682,317743,662447
20,3031079,0.4033078748126363,317743,3123143
20,2327561,0.3961146773710599,317743,2209058
21,762070,0.6134436517260795,348966,2869860
21,1649484,0.5276676566580304,348966,2344545
21,684229,0.5103656103929457,348966,1488837
21,2698129,0.5098408711746499,348966,2869261
21,1232806,0.44432211245992437,348966,6966
21,2974001,0.4408211264784122,348966,3100568
21,540957,0.4324554615430968,348966,3305621
21,1284550,0.40972126476596615,348966,2076323
21,829331,0.3996670370024824,348966,2873773
21,808209,0.39610437182492986,348966,2073883
22,1649484,0.6087576271275053,48089,2344545
22,2698129,0.5282798839405343,48089,2869261
22,762070,0.5153766720793969,48089,2869860
22,684229,0.4804762786349235,48089,1488837
22,1487425,0.4395032842073051,48089,602707
22,1232806,0.4286809096823002,48089,6966
22,2897675,0.40569859458176893,48089,2264126
22,1260516,0.40537823645215687,48089,336911
22,755840,0.40155921387789384,48089,2396456
22,131752,0.39943559475628354,48089,662447
23,762070,0.6422243326209313,999158,2869860
23,1649484,0.5710475401261814,999158,2344545
23,684229,0.5665334588011679,999158,1488837
23,131752,0.4789892137834213,999158,662447
23,2698129,0.4675905569187064,999158,2869261
23,1260516,0.4420078149233406,999158,336911
23,1232806,0.4406398298929001,999158,6966
23,1260558,0.4218753865156716,999158,336912
23,181101,0.4119322440868548,999158,1890631
23,880392,0.40665672934332564,999158,2451626
24,762070,0.6155338495276695,227844,2869860
24,1649484,0.5427932077327737,227844,2344545
24,684229,0.5328616386374412,227844,1488837
24,1232806,0.5208744245360161,227844,6966
24,131752,0.4628754258939407,227844,662447
24,1260558,0.4438328614626472,227844,336912
24,2698129,0.4310552758768365,227844,2869261
24,1295349,0.40912762718989926,227844,2299987
24,567400,0.3965718713106025,227844,2654191
24,2682180,0.39274814390685675,227844,2852134
25,1649484,0.5445938960889347,836270,2344545
25,1272455,0.5029300003619064,836270,921780
25,2698129,0.4939478112057016,836270,2869261
25,762070,0.4754125087760216,836270,2869860
25,1354963,0.4630426585458993,836270,427916
25,1260516,0.4451580515299385,836270,336911
25,131752,0.43724493392197117,836270,662447
25,684229,0.4269655292948661,836270,1488837
25,1232806,0.4082530679891373,836270,6966
25,332752,0.39577820784650575,836270,2467623
26,1649484,0.6451789976337918,147183,2344545
26,131752,0.5395243317672394,147183,662447
26,762070,0.5201345890067345,147183,2869860
26,2698129,0.5004812551334665,147183,2869261
26,982831,0.4890873629161254,147183,2226442
26,684229,0.4864869913181243,147183,1488837
26,1258582,0.4101925311987924,147183,336845
26,1487425,0.4090603042754738,147183,602707
26,2985555,0.39767292198508464,147183,3010542
26,1235686,0.3963331564119869,147183,2532606
27,762070,0.5437472163937813,238593,2869860
27,1649484,0.5383004055598744,238593,2344545
27,684229,0.4968865344395814,238593,1488837
27,131752,0.44693026103464584,238593,662447
27,1260516,0.43502600697618177,238593,336911
27,2698129,0.4316513193443582,238593,2869261
27,1354963,0.42543635366194243,238593,427916
27,2289229,0.41162222655004255,238593,172128
27,3053301,0.4042199689288472,238593,3140322
27,3016097,0.39367548209246883,238593,3305555
28,762070,0.6578346877597099,58457,2869860
28,1649484,0.5099484415033826,58457,2344545
28,684229,0.4976811556240497,58457,1488837
28,1260558,0.4613787582312172,58457,336912
28,1232806,0.442126639444616,58457,6966
28,1260516,0.4291347375307625,58457,336911
28,131752,0.4267067880221985,58457,662447
28,1227553,0.41134966196015826,58457,3038812
28,2925802,0.4099923962766181,58457,2050715
28,853171,0.3946889380493397,58457,1830422
29,1649484,0.5528149286525317,1179093,2344545
29,684229,0.5426926529129921,1179093,1488837
29,131752,0.4894522175976418,1179093,662447
29,762070,0.4834394126437431,1179093,2869860
29,982831,0.4372686702319518,1179093,2226442
29,1260516,0.4295272639189308,1179093,336911
29,2698129,0.40577492841036766,1179093,2869261
29,1149377,0.40389178386412905,1179093,3302274
29,2675484,0.3980972378752953,1179093,2845445
29,1397154,0.39630599967774316,1179093,831915
30,762070,0.5753807074628597,132895,2869860
30,1649484,0.522604578850604,132895,2344545
30,2698129,0.5212300313309,132895,2869261
30,684229,0.5202334931215225,132895,1488837
30,1232806,0.5067205565760399,132895,6966
30,1260516,0.41023853627782514,132895,336911
30,2749754,0.40231261671499113,132895,2927887
30,2706644,0.39577184376090246,132895,2877387
30,2907765,0.39236915796908534,132895,2728554
30,67605,0.3922959862712251,132895,1729149
31,762070,0.5824006958171553,14724,2869860
31,1649484,0.5708899365046987,14724,2344545
31,1232806,0.4952906387636925,14724,6966
31,684229,0.44545303043927525,14724,1488837
31,2698129,0.42114972599299405,14724,2869261
31,1391292,0.4048507335574128,14724,2087968
31,2778403,0.40461271696312484,14724,2960612
31,1354963,0.4032670080446481,14724,427916
31,2666031,0.4001651267631543,14724,3293001
31,131752,0.39863727994648435,14724,662447
32,762070,0.5418544321559197,859821,2869860
32,2698129,0.5265868020847604,859821,2869261
32,131752,0.4979722858258865,859821,662447
32,684229,0.49389172700251915,859821,1488837
32,1649484,0.480116647599078,859821,2344545
32,1487425,0.40667617063852235,859821,602707
32,654276,0.4050725525316544,859821,2874858
32,1265685,0.40285662173141923,859821,2296317
32,411526,0.39871197666691316,859821,2763404
32,1354963,0.39441512224905484,859821,427916
33,762070,0.6351352482341057,976215,2869860
33,1649484,0.5805556089857586,976215,2344545
33,131752,0.4770694934615276,976215,662447
33,2698129,0.4446022955373094,976215,2869261
33,1487425,0.42940697859855576,976215,602707
33,2506355,0.421020340421562,976215,1632986
33,1232806,0.4201559243502582,976215,6966
33,982831,0.4185524958678619,976215,2226442
33,684229,0.3996899729689536,976215,1488837
33,396080,0.39025219916279474,976215,2649314
34,762070,0.6226520418427712,1703395,2869860
34,1649484,0.5656370491961011,1703395,2344545
34,131752,0.5547344297954223,1703395,662447
34,1487425,0.5136155207070915,1703395,602707
34,684229,0.5061877081265627,1703395,1488837
34,2698129,0.4969637138441369,1703395,2869261
34,1272455,0.40794006579826964,1703395,921780
34,1258582,0.4067931471770334,1703395,336845
34,187858,0.4067383988524333,1703395,1737035
34,375206,0.4003823822435685,1703395,2960416
35,762070,0.5763358644448048,158350,2869860
35,1649484,0.5252575666883954,158350,2344545
35,684229,0.5037408521493849,158350,1488837
35,131752,0.5019200474807404,158350,662447
35,982831,0.47793032112802425,158350,2226442
35,2698129,0.4477312577560708,158350,2869261
35,1232806,0.44286376263597266,158350,6966
35,1260558,0.43171104697328266,158350,336912
35,1272455,0.422871217069136,158350,921780
35,1487425,0.41269229542346875,158350,602707
36,762070,0.5737808077834374,756789,2869860
36,684229,0.47745334562863684,756789,1488837
36,1649484,0.46444143664631926,756789,2344545
36,131752,0.44037217207638246,756789,662447
36,1232806,0.4324919807503487,756789,6966
36,982831,0.42225758615220943,756789,2226442
36,1272455,0.41680385166119227,756789,921780
36,1487425,0.4161878247174827,756789,602707
36,2622080,0.4008659125104287,756789,3536439
36,1354963,0.39710099843971725,756789,427916
37,762070,0.5446954011224037,1857508,2869860
37,1649484,0.5439286851564415,1857508,2344545
37,2698129,0.5084773106172845,1857508,2869261
37,684229,0.49982109596970953,1857508,1488837
37,131752,0.47336966030684924,1857508,662447
37,1487425,0.46592903923126144,1857508,602707
37,1260516,0.4226165821943825,1857508,336911
37,2974001,0.41587648429224733,1857508,3100568
37,1272455,0.4049589245886673,1857508,921780
37,1531046,0.4015066924097753,1857508,3039575
38,684229,0.5237166872343002,114228,1488837
38,1649484,0.5129682184437283,114228,2344545
38,762070,0.477053186228109,114228,2869860
38,2698129,0.45968466230185484,114228,2869261
38,2974001,0.45281563736746555,114228,3100568
38,1354963,0.4386178612493753,114228,427916
38,1260516,0.4312352707777565,114228,336911
38,982831,0.4142920333453552,114228,2226442
38,370199,0.400322247733427,114228,3321362
38,1963694,0.3985457749482851,114228,2162072
39,762070,0.5817591320961542,1277647,2869860
39,1649484,0.5586060435751447,1277647,2344545
39,684229,0.5002645240842318,1277647,1488837
39,2698129,0.4884124187424943,1277647,2869261
39,1232806,0.4830387848208214,1277647,6966
39,1272455,0.46765616231869356,1277647,921780
39,131752,0.46616090157454526,1277647,662447
39,1354963,0.44955743549101346,1277647,427916
39,2289229,0.42081446678823226,1277647,172128
39,304815,0.4093395928421253,1277647,1692425
40,762070,0.6009430035255676,5459,2869860
40,1649484,0.5679067180732258,5459,2344545
40,684229,0.49850041811372614,5459,1488837
40,1487425,0.4620946426305382,5459,602707
40,131752,0.4508448556849144,5459,662447
40,2698129,0.4351771784618661,5459,2869261
40,2327561,0.43199379462150245,5459,2209058
40,982831,0.4268090713330642,5459,2226442
40,1232806,0.4149408343026902,5459,6966
40,1260516,0.41147998777967143,5459,336911
41,1649484,0.5682430432418355,248583,2344545
41,762070,0.5558954476617104,248583,2869860
41,131752,0.4932846099921845,248583,662447
41,684229,0.49078812059964516,248583,1488837
41,2698129,0.47356090411992524,248583,2869261
41,1232806,0.4190068897570039,248583,6966
41,2737553,0.40466194492808094,248583,2912401
41,1877601,0.3994127175199595,248583,1086422
41,2974001,0.3968389485056186,248583,3100568
41,2694212,0.3964299290679222,248583,2864919
42,1649484,0.6783894242027768,773554,2344545
42,762070,0.6379106312297111,773554,2869860
42,131752,0.5342389912196778,773554,662447
42,1232806,0.5267798500845695,773554,6966
42,1487425,0.4661877889546959,773554,602707
42,684229,0.45359752533044195,773554,1488837
42,2698129,0.435306124170141,773554,2869261
42,982831,0.4249152052708999,773554,2226442
42,2974001,0.4039657685930515,773554,3100568
42,1966255,0.4015300971704947,773554,2622078
43,684229,0.5847690111121115,1383581,1488837
43,1649484,0.571820795653201,1383581,2344545
43,762070,0.4957318811915642,1383581,2869860
43,2698129,0.4616961756393478,1383581,2869261
43,2289229,0.44372683198636764,1383581,172128
43,1260516,0.43640689758401563,1383581,336911
43,131752,0.43458707340446934,1383581,662447
43,1354963,0.43040778336756225,1383581,427916
43,2974001,0.4120920393640781,1383581,3100568
43,1487425,0.3963447805854885,1383581,602707
44,762070,0.5908879972301251,281837,2869860
44,1649484,0.5707715288976201,281837,2344545
44,684229,0.5503608381470618,281837,1488837
44,131752,0.5054561168738984,281837,662447
44,1232806,0.4652081328223015,281837,6966
44,982831,0.46076019588197625,281837,2226442
44,2698129,0.45778192632348985,281837,2869261
44,1260558,0.43436422256570506,281837,336912
44,1260516,0.4082141449842994,281837,336911
44,2689441,0.3977653747650365,281837,2859576
45,1649484,0.6329852641800412,343673,2344545
45,762070,0.616875129868818,343673,2869860
45,2698129,0.5554714811638162,343673,2869261
45,131752,0.5283389181682251,343673,662447
45,684229,0.47541714963521337,343673,1488837
45,1232806,0.4468355851958062,343673,6966
45,2289229,0.4240089002389311,343673,172128
45,1354963,0.4238101571583032,343673,427916
45,1272455,0.42179944807003633,343673,921780
45,1566674,0.40800479456435806,343673,2571012
46,684229,0.5825513845404563,85431,1488837
46,762070,0.5062988787196403,85431,2869860
46,1649484,0.5012777925709255,85431,2344545
46,2974001,0.4711605045969272,85431,3100568
46,131752,0.44207172699657893,85431,662447
46,2698129,0.4228693021133706,85431,2869261
46,2972341,0.42204321207002155,85431,3099101
46,1272455,0.4167063742251266,85431,921780
46,1260516,0.4110634735022133,85431,336911
46,2794349,0.4085932254273619,85431,3089906
47,762070,0.6314497321151025,289929,2869860
47,131752,0.5199667722770355,289929,662447
47,684229,0.5121520614346442,289929,1488837
47,2698129,0.5078665090397165,289929,2869261
47,1487425,0.47248934101196216,289929,602707
47,1649484,0.4434418262222775,289929,2344545
47,1927055,0.432641681505064,289929,2617595
47,1260558,0.4219877353106086,289929,336912
47,104254,0.40827132823270607,289929,2872001
47,2348571,0.40793449199765774,289929,791156
48,1649484,0.6421033681610593,22604,2344545
48,762070,0.5675744920275932,22604,2869860
48,2974001,0.47819339968512303,22604,3100568
48,131752,0.4651166506895207,22604,662447
48,2685191,0.4630872917147819,22604,2855207
48,2698129,0.45884994544537516,22604,2869261
48,1272455,0.4563118725390304,22604,921780
48,684229,0.44135674891080234,22604,1488837
48,1354963,0.4282258480571985,22604,427916
48,1232806,0.4224673610890771,22604,6966
49,762070,0.6227958589099174,40179,2869860
49,1649484,0.5688250870684155,40179,2344545
49,684229,0.5530881052931724,40179,1488837
49,2974001,0.463554922121265,40179,3100568
49,1232806,0.4616361516306664,40179,6966
49,2698129,0.44538789220602965,40179,2869261
49,2706214,0.41508038194893404,40179,3073001
49,1260558,0.41505024639707255,40179,336912
49,2279442,0.40934122183208554,40179,2820344
49,1506465,0.4029787448143892,40179,2325642
50,762070,0.5343620955250985,197723,2869860
50,2698129,0.5131155116155908,197723,2869261
50,1649484,0.5108188093880185,197723,2344545
50,1487425,0.4535113949689476,197723,602707
50,1354963,0.4138688772701501,197723,427916
50,2733281,0.4079183682862151,197723,2906707
50,982831,0.40282812747444074,197723,2226442
50,684229,0.40028077420796726,197723,1488837
50,1650254,0.3965220041783137,197723,2121554
50,1201389,0.395332703325291,197723,1504469
51,762070,0.6625575392745262,1409109,2869860
51,1649484,0.5514559150040609,1409109,2344545
51,2698129,0.5325730574920937,1409109,2869261
51,684229,0.5240651821812568,1409109,1488837
51,131752,0.5168959827014588,1409109,662447
51,1260558,0.44180595187287974,1409109,336912
51,1232806,0.41869283754029524,1409109,6966
51,2289229,0.408968001915872,1409109,172128
51,982831,0.4083837825366394,1409109,2226442
51,1354963,0.4074570953630685,1409109,427916
52,762070,0.5632720857165581,323468,2869860
52,1649484,0.5524261281134555,323468,2344545
52,684229,0.4841906687339721,323468,1488837
52,2698129,0.4788899911239907,323468,2869261
52,131752,0.4682193859332583,323468,662447
52,2974001,0.43742214180777317,323468,3100568
52,2675652,0.40224233990816705,323468,2845570
52,982831,0.40168360057557984,323468,2226442
52,1676307,0.3998668870825841,323468,2124962
52,1242695,0.39533594372725595,323468,2294626
53,762070,0.5473318307898766,715640,2869860
53,2698129,0.5143461985185906,715640,2869261
53,684229,0.4797262793501792,715640,1488837
53,1649484,0.4668877543190487,715640,2344545
53,131752,0.4642119879686616,715640,662447
53,1487425,0.4432051319989769,715640,602707
53,1354963,0.4314331114076852,715640,427916
53,2974001,0.3992958817655826,715640,3100568
53,2715995,0.39298390275148987,715640,2886772
53,1272455,0.3916459291548599,715640,921780
54,762070,0.6515318720839745,61992,2869860
54,1649484,0.5714012296179303,61992,2344545
54,131752,0.49075710632292247,61992,662447
54,684229,0.4661995833834586,61992,1488837
54,1232806,0.4517795878241326,61992,6966
54,2698129,0.45032870598586056,61992,2869261
54,1354963,0.4267585068725824,61992,427916
54,1272455,0.4021004229159225,61992,921780
54,1551316,0.39409413944908184,61992,2569042
54,1315400,0.3940721864424386,61992,2080375
55,762070,0.6052283271454102,697378,2869860
55,684229,0.5389765625914511,697378,1488837
55,1487425,0.49355833124252246,697378,602707
55,1649484,0.4893664301613339,697378,2344545
55,1260516,0.4586758187208717,697378,336911
55,131752,0.4367912531682633,697378,662447
55,2698129,0.4341542226866052,697378,2869261
55,1260558,0.42316239384751964,697378,336912
55,329308,0.4027091814255721,697378,148030
55,1752716,0.40084675356399185,697378,2595001
56,762070,0.5762117336742407,561556,2869860
56,1649484,0.5676006601432332,561556,2344545
56,684229,0.5623069947680411,561556,1488837
56,1272455,0.48517966562222137,561556,921780
56,1260516,0.4704883566294258,561556,336911
56,131752,0.4596321963557385,561556,662447
56,2698129,0.4523657543257043,561556,2869261
56,1232806,0.4397656175086762,561556,6966
56,2767203,0.41149197511894764,561556,2945244
56,982831,0.41132725063051145,561556,2226442
57,762070,0.6128103285334832,269174,2869860
57,1649484,0.6019430280903348,269174,2344545
57,684229,0.5608097558936057,269174,1488837
57,131752,0.49879373915878755,269174,662447
57,1487425,0.48002693842979355,269174,602707
57,1260558,0.4460269978437965,269174,336912
57,1232806,0.40900630604126703,269174,6966
57,1342402,0.4064858212033939,269174,2543715
57,2698129,0.405745787699537,269174,2869261
57,982831,0.4017966765471832,269174,2226442
58,762070,0.5222418277762657,625358,2869860
58,131752,0.5005160511323593,625358,662447
58,684229,0.49582393039967393,625358,1488837
58,1649484,0.4588180900791653,625358,2344545
58,1093523,0.4342439223659161,625358,2734927
58,1272455,0.43020251685093536,625358,921780
58,1260558,0.4131591608915871,625358,336912
58,2698129,0.4011113656357095,625358,2869261
58,1232806,0.4002799990365769,625358,6966
58,982831,0.39743862781013406,625358,2226442
59,684229,0.558560556741613,1078367,1488837
59,762070,0.5312697439692742,1078367,2869860
59,1649484,0.509761747835017,1078367,2344545
59,131752,0.4923920751401566,1078367,662447
59,2698129,0.47400379084499333,1078367,2869261
59,2974001,0.4439743969614292,1078367,3100568
59,1272455,0.4350806801886429,1078367,921780
59,3060786,0.4135253006750501,1078367,3147274
59,2681917,0.40459903173668443,1078367,2851842
59,1354963,0.4031462952279329,1078367,427916
60,762070,0.6338621466658836,349960,2869860
60,131752,0.5644439251014374,349960,662447
60,2698129,0.5247706783607766,349960,2869261
60,684229,0.443038243623632,349960,1488837
60,1260558,0.4416850378904884,349960,336912
60,1649484,0.43944219958577235,349960,2344545
60,1258582,0.42513805016928186,349960,336845
60,760611,0.41733203763250526,349960,2158787
60,982831,0.4143468576976196,349960,2226442
60,1262789,0.40483581634137655,349960,663468
61,762070,0.5566623940370804,379330,2869860
61,1649484,0.5536387629115948,379330,2344545
61,2698129,0.5329485607937143,379330,2869261
61,684229,0.4899738324901042,379330,1488837
61,1487425,0.4463896770391075,379330,602707
61,131752,0.4400180847236298,379330,662447
61,1260516,0.4236708095465248,379330,336911
61,2777684,0.3995001627569802,379330,2959343
61,2689441,0.39943624793016713,379330,2859576
61,2313697,0.39589331555483476,379330,2431263
62,762070,0.6108694135449654,437950,2869860
62,1649484,0.5467377078959712,437950,2344545
62,1260516,0.49123057035546946,437950,336911
62,2698129,0.48964229204209303,437950,2869261
62,684229,0.484962593587297,437950,1488837
62,1354963,0.4845644295000314,437950,427916
62,1232806,0.4634162711689736,437950,6966
62,577888,0.40224094711878533,437950,657331
62,3022535,0.40171298551741386,437950,3308446
62,2982348,0.39728133874793736,437950,3299306
63,762070,0.6197582929633385,286524,2869860
63,1649484,0.5609316961148747,286524,2344545
63,131752,0.4915168613979004,286524,662447
63,2698129,0.48643267728836986,286524,2869261
63,684229,0.485292707951921,286524,1488837
63,1487425,0.4269009877357094,286524,602707
63,1258582,0.42462819203787316,286524,336845
63,1260516,0.41669884232621845,286524,336911
63,2915900,0.4058222569542569,286524,2731385
63,3018557,0.4007771353388942,286524,2766372
64,1649484,0.5543968721533188,1592024,2344545
64,762070,0.5514275043509728,1592024,2869860
64,2698129,0.5038460535600946,1592024,2869261
64,684229,0.493287639888185,1592024,1488837
64,1260516,0.4277413180265969,1592024,336911
64,1260558,0.41196399835687336,1592024,336912
64,1232806,0.4092418263445164,1592024,6966
64,1581381,0.39850557848464613,1592024,2572971
64,131752,0.39749595232693175,1592024,662447
64,2502653,0.3927199477873483,1592024,2232457
65,762070,0.6041753783128982,354337,2869860
65,1272455,0.5227694182963242,354337,921780
65,1649484,0.49644678842816437,354337,2344545
65,684229,0.4938823921700892,354337,1488837
65,2698129,0.4665964740932152,354337,2869261
65,1487425,0.46491365622611924,354337,602707
65,131752,0.4584162645825527,354337,662447
65,1354963,0.45774174926512234,354337,427916
65,1260516,0.4213344445620125,354337,336911
65,1232806,0.42043799681239974,354337,6966
66,1649484,0.6210693658569821,60248,2344545
66,762070,0.5137987285159356,60248,2869860
66,684229,0.46157142874802926,60248,1488837
66,2698129,0.42778786845953914,60248,2869261
66,131752,0.4270229191371582,60248,662447
66,982831,0.4192855257102386,60248,2226442
66,3020412,0.40617121153099595,60248,3017145
66,1232806,0.40131064530113,60248,6966
66,1262789,0.39961268516156695,60248,663468
66,2901845,0.398258410270954,60248,2491550
67,1649484,0.6775056422928342,236046,2344545
67,762070,0.573496334930492,236046,2869860
67,1232806,0.49206303532817613,236046,6966
67,131752,0.4563820720502517,236046,662447
67,1487425,0.43617019247146527,236046,602707
67,684229,0.4239948397597251,236046,1488837
67,982831,0.4071949798175232,236046,2226442
67,2642090,0.40341435027806916,236046,2035976
67,1272455,0.40280674391697535,236046,921780
67,2289229,0.4002963516253828,236046,172128
68,762070,0.5338603644870048,335677,2869860
68,2698129,0.5237831962898538,335677,2869261
68,684229,0.5176291039308486,335677,1488837
68,131752,0.45390536643949964,335677,662447
68,982831,0.43680497589792167,335677,2226442
68,1272455,0.4187420546383728,335677,921780
68,222512,0.4137100011102554,335677,82149
68,1649484,0.4107847274521359,335677,2344545
68,1232806,0.4039300384710099,335677,6966
68,695922,0.4030903649875949,335677,2330719
69,1649484,0.6192354084232816,66519,2344545
69,762070,0.5594153463147408,66519,2869860
69,684229,0.5416349953135429,66519,1488837
69,131752,0.4677226553523324,66519,662447
69,1232806,0.4596850859711434,66519,6966
69,2698129,0.4355464173153207,66519,2869261
69,1272455,0.4274077504248489,66519,921780
69,982831,0.40909633818353575,66519,2226442
69,2974001,0.4033970985586429,66519,3100568
69,1487425,0.3999135662231056,66519,602707
70,762070,0.599664252927137,1130341,2869860
70,684229,0.5923327749689994,1130341,1488837
70,1649484,0.5099944890717037,1130341,2344545
70,131752,0.49907099314419245,1130341,662447
70,1272455,0.47532928281735076,1130341,921780
70,2974001,0.45163017846892123,1130341,3100568
70,1354963,0.45029776690237516,1130341,427916
70,1232806,0.4454529243300225,1130341,6966
70,33158,0.412517851401875,1130341,966114
70,982831,0.3987430531093017,1130341,2226442
71,1649484,0.5677102939466008,136301,2344545
71,762070,0.5186277597449547,136301,2869860
71,2698129,0.5058128935888574,136301,2869261
71,684229,0.48384637442435596,136301,1488837
71,1232806,0.4810018914530541,136301,6966
71,1272455,0.47106923156689295,136301,921780
71,131752,0.4599985905775211,136301,662447
71,982831,0.4162744301864044,136301,2226442
71,1260516,0.4070678999815529,136301,336911
71,560472,0.4006994063922659,136301,1872209
72,762070,0.5813742704927749,52966,2869860
72,131752,0.5042323649713181,52966,662447
72,1649484,0.500865417836047,52966,2344545
72,684229,0.4594654684981284,52966,1488837
72,2698129,0.4521080059603021,52966,2869261
72,1354963,0.4346922218584299,52966,427916
72,1232806,0.42387707594433083,52966,6966
72,1272455,0.42055769854496605,52966,921780
72,2327561,0.4069714190378537,52966,2209058
72,3002676,0.4006720290857173,52966,4101606
73,762070,0.6322954266570335,41140,2869860
73,2698129,0.5362532151535317,41140,2869261
73,1649484,0.51190390598569,41140,2344545
73,131752,0.5011774093696258,41140,662447
73,1354963,0.4873915731691598,41140,427916
73,684229,0.4667193925103126,41140,1488837
73,2327561,0.41258131283668187,41140,2209058
73,2069216,0.40897201679257117,41140,2175588
73,1260558,0.40788530019860914,41140,336912
73,1260516,0.40651394633393934,41140,336911
74,762070,0.622259291937185,37862,2869860
74,684229,0.5490197068175253,37862,1488837
74,1649484,0.5131108940819271,37862,2344545
74,131752,0.47531213842717623,37862,662447
74,1232806,0.45524555321433796,37862,6966
74,2698129,0.4247351152494714,37862,2869261
74,867095,0.42146345834724264,37862,2206335
74,1260558,0.4151312222872322,37862,336912
74,998884,0.40683959704802136,37862,1882593
74,1487425,0.3965189915511219,37862,602707
75,1649484,0.6180402399281033,1054233,2344545
75,762070,0.5978100775979287,1054233,2869860
75,684229,0.5137890478691038,1054233,1488837
75,131752,0.5055953384229325,1054233,662447
75,2698129,0.48021586813481304,1054233,2869261
75,1487425,0.47231255363555835,1054233,602707
75,1354963,0.444234240033555,1054233,427916
75,802640,0.4094623767116736,1054233,2559255
75,982831,0.4090847242185013,1054233,2226442
75,1260516,0.4079683920536583,1054233,336911
76,762070,0.5911231025360352,271417,2869860
76,1649484,0.5260712386349209,271417,2344545
76,2698129,0.5175492180183694,271417,2869261
76,684229,0.4567242955883918,271417,1488837
76,1232806,0.44461692448356405,271417,6966
76,131752,0.42353856869427187,271417,662447
76,1260516,0.41733423678022075,271417,336911
76,1260558,0.41256757287126233,271417,336912
76,2783791,0.4066585590402314,271417,2970069
76,1397154,0.40113560907181667,271417,831915
77,762070,0.5756420019320971,538578,2869860
77,684229,0.5446307009180961,538578,1488837
77,1649484,0.5318724901655683,538578,2344545
77,1232806,0.49439562137820975,538578,6966
77,2698129,0.45238956340105985,538578,2869261
77,2289229,0.41975528629010905,538578,172128
77,1260516,0.41703088490110096,538578,336911
77,1354963,0.4137878209137201,538578,427916
77,1260558,0.4043226411734169,538578,336912
77,2616938,0.4024957327455889,538578,1645752
78,762070,0.6007097362778908,139591,2869860
78,1649484,0.5762322412112721,139591,2344545
78,2698129,0.5286806000068949,139591,2869261
78,1354963,0.46681421993010036,139591,427916
78,1232806,0.42458461139002096,139591,6966
78,131752,0.4179761142322205,139591,662447
78,684229,0.41158658322896335,139591,1488837
78,1163962,0.4047326445726809,139591,2532390
78,2773387,0.4035406377270472,139591,2952413
78,1870627,0.395108740266066,139591,2610444
79,762070,0.6013973324797874,509550,2869860
79,1487425,0.5330519874009697,509550,602707
79,1649484,0.4678857446888455,509550,2344545
79,684229,0.4640039002617774,509550,1488837
79,2698129,0.45399668641837093,509550,2869261
79,131752,0.44313054390636897,509550,662447
79,1232806,0.4426152693817879,509550,6966
79,1260558,0.4365808298979347,509550,336912
79,2715667,0.4001648687382857,509550,3077616
79,286799,0.3947756639746733,509550,2368143
80,1649484,0.636543262122012,3172,2344545
80,684229,0.5878638690432487,3172,1488837
80,131752,0.5335684270450256,3172,662447
80,2698129,0.48827905036957714,3172,2869261
80,762070,0.4760139077208763,3172,2869860
80,2974001,0.41936301924536473,3172,3100568
80,786719,0.4082478135131127,3172,2836454
80,1202618,0.4051684966035794,3172,1937138
80,2972199,0.4033795567281372,3172,3098861
80,982831,0.4004784736343757,3172,2226442
81,1649484,0.608570200322009,303174,2344545
81,762070,0.5361346005700356,303174,2869860
81,131752,0.43610587425915226,303174,662447
81,684229,0.4159122472723899,303174,1488837
81,2698129,0.41531663664134,303174,2869261
81,1354963,0.4106004059099435,303174,427916
81,1260516,0.40398557690721204,303174,336911
81,2162426,0.40308334797107115,303174,2646462
81,712146,0.39860300075176147,303174,1705268
81,2289229,0.3977038177985548,303174,172128
82,762070,0.6415876536868339,578150,2869860
82,1649484,0.5583480709472665,578150,2344545
82,684229,0.4994162560535548,578150,1488837
82,131752,0.48483680196491696,578150,662447
82,2698129,0.4574215201333329,578150,2869261
82,1260558,0.4281290700827186,578150,336912
82,1232806,0.4176125085691477,578150,6966
82,823913,0.4096763977726793,578150,3133158
82,582453,0.40267005808434864,578150,2556540
82,2974001,0.4007332418138767,578150,3100568
83,762070,0.5887430838547474,697314,2869860
83,1649484,0.5763071597794065,697314,2344545
83,131752,0.5432057351657532,697314,662447
83,684229,0.5033009532934007,697314,1488837
83,1232806,0.43127473692991986,697314,6966
83,1260516,0.43020066527467427,697314,336911
83,2347053,0.41324740675992744,697314,2211355
83,1487425,0.41290409456821364,697314,602707
83,2365965,0.40234419285254774,697314,2000759
83,46155,0.40108841842755166,697314,1120515
84,762070,0.5553916245005852,22440,2869860
84,684229,0.5537872498949943,22440,1488837
84,1649484,0.5413337596932419,22440,2344545
84,1232806,0.44438655253150716,22440,6966
84,131752,0.428864231784024,22440,662447
84,2698129,0.4263306630447671,22440,2869261
84,2289229,0.4241780462998747,22440,172128
84,1238078,0.4060178612930658,22440,2072086
84,1272455,0.3969245761008133,22440,921780
84,499785,0.3959330081398231,22440,3125669
85,762070,0.5912427454493767,4210,2869860
85,131752,0.5757159621307038,4210,662447
85,2698129,0.571915872176008,4210,2869261
85,1649484,0.5506487719954916,4210,2344545
85,684229,0.4789598872980056,4210,1488837
85,1354963,0.4373702704691171,4210,427916
85,1487425,0.4257059086474983,4210,602707
85,982831,0.4249753940411941,4210,2226442
85,2289229,0.41571242244428386,4210,172128
85,1272455,0.41538683467816007,4210,921780
86,1649484,0.6130686820724973,224542,2344545
86,762070,0.6118795483611351,224542,2869860
86,2698129,0.5625261736706064,224542,2869261
86,1487425,0.4568585951242058,224542,602707
86,2289229,0.4557183089990019,224542,172128
86,1232806,0.45445646222331776,224542,6966
86,684229,0.4504584794959006,224542,1488837
86,131752,0.44178225256887893,224542,662447
86,2327561,0.41880886572745946,224542,2209058
86,1354963,0.4185024142050027,224542,427916
87,762070,0.6277202426694161,283768,2869860
87,1649484,0.601850891230441,283768,2344545
87,684229,0.5026226000955281,283768,1488837
87,2698129,0.48106854685099576,283768,2869261
87,1354963,0.46541523931257717,283768,427916
87,131752,0.45186056353537063,283768,662447
87,1232806,0.4185450198838974,283768,6966
87,1956283,0.41098235912491077,283768,2161164
87,2589931,0.4076547771987522,283768,1012709
87,1038476,0.40500281620619083,283768,2553196
88,1649484,0.603120297310687,284934,2344545
88,684229,0.581958389850515,284934,1488837
88,762070,0.580653362279368,284934,2869860
88,131752,0.5383691162654541,284934,662447
88,2698129,0.48771342315228433,284934,2869261
88,51113,0.43777355634352433,284934,1833793
88,1354963,0.43653479216330043,284934,427916
88,1232806,0.43040771435597197,284934,6966
88,1260516,0.4120108058844154,284934,336911
88,2429603,0.4103982048974215,284934,512737
89,762070,0.6387212842009788,25535,2869860
89,1649484,0.5990299971083173,25535,2344545
89,2698129,0.5185164225891397,25535,2869261
89,131752,0.4936508209296845,25535,662447
89,1232806,0.45975913282134784,25535,6966
89,2974001,0.44055338837454566,25535,3100568
89,684229,0.43940280732716896,25535,1488837
89,1260558,0.4269319405947273,25535,336912
89,1487425,0.4130632508906929,25535,602707
89,758957,0.40795868219331255,25535,3136117
90,1649484,0.6251102091053494,637793,2344545
90,762070,0.5748365915618664,637793,2869860
90,684229,0.5008549543658225,637793,1488837
90,2974001,0.44693584777663,637793,3100568
90,131752,0.42361440368381953,637793,662447
90,1354963,0.4200955152296304,637793,427916
90,1260516,0.4142585357819145,637793,336911
90,2698129,0.40934708841593714,637793,2869261
90,2737853,0.4059745631052918,637793,2912829
90,1271132,0.4052892346444085,637793,1174784
91,1649484,0.564552806434966,10998,2344545
91,762070,0.5447445153496986,10998,2869860
91,131752,0.5118682057449006,10998,662447
91,684229,0.5105079209526954,10998,1488837
91,2698129,0.4893459228471086,10998,2869261
91,1272455,0.4826744227976669,10998,921780
91,982831,0.45133784595216675,10998,2226442
91,2974001,0.42894949056456333,10998,3100568
91,297332,0.4262474864028221,10998,2873061
91,2661042,0.41908233472990786,10998,3042142
92,762070,0.5982723905943161,9351,2869860
92,1649484,0.5662905649522313,9351,2344545
92,684229,0.5488113289793906,9351,1488837
92,1232806,0.4823295074293877,9351,6966
92,131752,0.4668121119813404,9351,662447
92,2698129,0.4450217632249162,9351,2869261
92,835897,0.4144212532719208,9351,2426245
92,2974001,0.40701606907198673,9351,3100568
92,1906880,0.39838782394868,9351,1396665
92,1260558,0.38998758105378795,9351,336912
93,762070,0.6294581174157388,1387055,2869860
93,1649484,0.5392306649366387,1387055,2344545
93,684229,0.5359901106079994,1387055,1488837
93,131752,0.5184586376735352,1387055,662447
93,1487425,0.5016491730126945,1387055,602707
93,1354963,0.44574683306448454,1387055,427916
93,1260516,0.43010772375207595,1387055,336911
93,1232806,0.42766997169354215,1387055,6966
93,2698129,0.4146386934116647,1387055,2869261
93,79322,0.40803828273704956,1387055,3045068
94,131752,0.553988310773053,105582,662447
94,762070,0.5196982949279076,105582,2869860
94,2698129,0.5153967333629892,105582,2869261
94,684229,0.5053354473879514,105582,1488837
94,1649484,0.49544549596104703,105582,2344545
94,982831,0.4435458737918273,105582,2226442
94,1487425,0.4273241151485054,105582,602707
94,1260558,0.40375052003007583,105582,336912
94,2771712,0.3983649018157794,105582,2950157
94,1204190,0.3969348483536999,105582,2682292
95,1649484,0.6081995428780087,566261,2344545
95,762070,0.5972615330718285,566261,2869860
95,684229,0.5090999161919532,566261,1488837
95,1487425,0.42649389695259016,566261,602707
95,2698129,0.42616606183798766,566261,2869261
95,131752,0.40544974513737186,566261,662447
95,1232806,0.4044575500080849,566261,6966
95,682489,0.39878725954699656,566261,2996844
95,1972192,0.39806418993358694,566261,2807960
95,2975907,0.3952367860217427,566261,3101600
96,762070,0.558640277316404,160668,2869860
96,1649484,0.5502026922309764,160668,2344545
96,1232806,0.5019641536066796,160668,6966
96,1260558,0.487297128716523,160668,336912
96,1487425,0.4550585765752403,160668,602707
96,684229,0.4415726726969657,160668,1488837
96,982831,0.4240947175332443,160668,2226442
96,2698129,0.4088079465225503,160668,2869261
96,2289229,0.4070560637254118,160668,172128
96,2728104,0.39538658474225463,160668,2900315
97,1649484,0.6129483224133023,201320,2344545
97,684229,0.5935155218562065,201320,1488837
97,762070,0.5897423221967941,201320,2869860
97,2698129,0.42886049278529137,201320,2869261
97,3038547,0.420843435842977,201320,3128694
97,131752,0.41312873669353944,201320,662447
97,273674,0.4125395911102465,201320,3044663
97,222512,0.40965224802416533,201320,82149
97,1232806,0.40633000012138143,201320,6966
97,1260516,0.40302642194371874,201320,336911
98,762070,0.5918841160140759,669193,2869860
98,684229,0.5607677703818259,669193,1488837
98,1649484,0.5238213331678876,669193,2344545
98,2698129,0.5164963943556116,669193,2869261
98,1260558,0.4468112340364998,669193,336912
98,131752,0.41722348340240933,669193,662447
98,1885508,0.4169052079302631,669193,2612222
98,1232806,0.41094533007242934,669193,6966
98,2679536,0.4057324576388699,669193,2849221
98,2888858,0.39929958942324617,669193,1660416
99,131752,0.5373761922904633,1425507,662447
99,1649484,0.5309578241089352,1425507,2344545
99,684229,0.5292240595539985,1425507,1488837
99,2698129,0.5287800920799539,1425507,2869261
99,762070,0.5095957129500633,1425507,2869860
99,1480766,0.4028857745977422,1425507,1520036
99,577888,0.3940264614734911,1425507,657331
99,410313,0.3920195641520238,1425507,3106299
99,2646846,0.39027357657786554,1425507,1153176
99,2309787,0.3849237987390438,1425507,2665541
100,1649484,0.5972468168715008,58391,2344545
100,762070,0.5962849661014802,58391,2869860
100,1232806,0.5045967059920098,58391,6966
100,2698129,0.5020516140058802,58391,2869261
100,131752,0.49711045630661466,58391,662447
100,684229,0.47914866265858985,58391,1488837
100,2689370,0.4165156875275682,58391,2859490
100,1731,0.4077862340350484,58391,3072240
100,1029398,0.40325133860544415,58391,2697837
100,909763,0.40308466955672867,58391,2638070
